id,first_name,last_name,email,gender,ip_address
1,Maria,Rice,mrice0@dyndns.org,Female,138.50.112.255
2,Phyllis,Perez,pperez1@hud.gov,Female,252.84.151.146
3,Russell,Carr,rcarr2@163.com,Male,255.54.195.66
4,Gloria,Smith,gsmith3@youtu.be,Female,147.250.174.221
5,Sarah,Bennett,sbennett4@scientificamerican.com,Female,229.246.234.33
6,Jose,Hanson,jhanson5@tinypic.com,Male,51.15.9.56
7,Christine,Henderson,chenderson6@virginia.edu,Female,181.237.214.89
8,Howard,Daniels,hdaniels7@miitbeian.gov.cn,Male,138.122.220.233
9,Jimmy,Frazier,jfrazier8@tripadvisor.com,Male,165.212.52.244
10,Donald,Murray,dmurray9@is.gd,Male,21.91.110.199
11,Denise,Long,dlonga@diigo.com,Female,159.149.235.240
12,Brian,George,bgeorgeb@friendfeed.com,Male,129.22.252.125
13,Harry,Hamilton,hhamiltonc@seesaa.net,Male,103.175.103.160
14,Wayne,Reyes,wreyesd@desdev.cn,Male,105.89.68.23
15,Gloria,Martin,gmartine@sitemeter.com,Female,1.231.179.119
16,Frank,Stewart,fstewartf@icio.us,Male,25.246.138.64
17,Deborah,Burns,dburnsg@blog.com,Female,241.63.46.26
18,Ronald,Young,ryoungh@mapquest.com,Male,18.57.59.50
19,Margaret,Hughes,mhughesi@icio.us,Female,251.10.7.56
20,Christina,Hamilton,chamiltonj@amazon.com,Female,97.184.26.215
21,Emily,Lawrence,elawrencek@bloglovin.com,Female,137.93.41.217
22,Timothy,Black,tblackl@alibaba.com,Male,167.48.251.29
23,Marilyn,Garcia,mgarciam@about.me,Female,165.20.115.18
24,Cynthia,Reynolds,creynoldsn@sohu.com,Female,62.185.50.57
25,Lisa,Castillo,lcastilloo@dagondesign.com,Female,31.149.129.134
26,Diane,Perez,dperezp@reverbnation.com,Female,124.176.18.100
27,Keith,Boyd,kboydq@java.com,Male,179.253.12.107
28,Helen,Ramos,hramosr@eventbrite.com,Female,246.132.220.182
29,Marie,Hall,mhalls@foxnews.com,Female,57.27.133.126
30,Robin,Bradley,rbradleyt@cdc.gov,Female,100.180.106.81
31,Teresa,Butler,tbutleru@elpais.com,Female,76.167.138.240
32,Gary,Crawford,gcrawfordv@dyndns.org,Male,164.68.130.34
33,Steven,Patterson,spattersonw@jalbum.net,Male,67.228.85.92
34,Carolyn,Torres,ctorresx@netscape.com,Female,127.160.100.113
35,Phyllis,Hudson,phudsony@usnews.com,Female,223.141.110.245
36,Elizabeth,Daniels,edanielsz@xing.com,Female,7.204.143.105
37,Linda,Miller,lmiller10@marketwatch.com,Female,162.108.11.69
38,Maria,Romero,mromero11@baidu.com,Female,57.55.110.81
39,Lori,Stevens,lstevens12@seattletimes.com,Female,215.196.15.22
40,Ann,Dixon,adixon13@yolasite.com,Female,172.225.249.47
41,John,Miller,jmiller14@360.cn,Male,83.124.61.155
42,Ashley,Campbell,acampbell15@ucla.edu,Female,83.89.161.249
43,Marie,Thompson,mthompson16@so-net.ne.jp,Female,231.38.171.76
44,Jessica,Warren,jwarren17@ezinearticles.com,Female,211.16.176.102
45,Jesse,Torres,jtorres18@google.es,Male,186.71.7.202
46,Alan,Robertson,arobertson19@studiopress.com,Male,171.89.176.242
47,Andrew,Hill,ahill1a@dedecms.com,Male,215.76.192.144
48,Louis,Payne,lpayne1b@accuweather.com,Male,196.142.88.88
49,Michael,Stanley,mstanley1c@slashdot.org,Male,61.106.20.47
50,Marilyn,Robinson,mrobinson1d@sun.com,Female,10.177.216.217
51,Wayne,Brooks,wbrooks1e@google.cn,Male,36.170.108.239
52,Kenneth,Johnson,kjohnson1f@yellowbook.com,Male,214.96.17.120
53,Nancy,Jones,njones1g@ebay.com,Female,112.11.4.28
54,Judy,Welch,jwelch1h@state.tx.us,Female,191.112.169.228
55,Adam,Gardner,agardner1i@mapquest.com,Male,71.225.204.57
56,Katherine,Chavez,kchavez1j@aol.com,Female,23.127.125.188
57,Mildred,Allen,mallen1k@nationalgeographic.com,Female,199.129.218.77
58,Jesse,Wallace,jwallace1l@netscape.com,Male,253.100.24.61
59,Barbara,Robertson,brobertson1m@geocities.jp,Female,127.100.226.19
60,Paul,Ray,pray1n@bloglovin.com,Male,46.109.147.167
61,Robin,Kennedy,rkennedy1o@google.com.au,Female,204.80.72.67
62,Harry,Baker,hbaker1p@slate.com,Male,242.64.114.178
63,Matthew,Perkins,mperkins1q@chicagotribune.com,Male,245.245.23.132
64,Craig,Cruz,ccruz1r@ucla.edu,Male,0.91.2.70
65,Ronald,Schmidt,rschmidt1s@nationalgeographic.com,Male,248.180.107.90
66,Patricia,Roberts,proberts1t@stanford.edu,Female,120.145.101.212
67,Jose,Carter,jcarter1u@sitemeter.com,Male,174.253.186.224
68,Ryan,Black,rblack1v@1688.com,Male,239.255.65.103
69,Lillian,Parker,lparker1w@sina.com.cn,Female,64.236.190.247
70,Marilyn,Ortiz,mortiz1x@msn.com,Female,53.210.10.58
71,Charles,Garcia,cgarcia1y@google.cn,Male,165.220.220.198
72,Sean,Bennett,sbennett1z@tumblr.com,Male,123.196.47.80
73,Charles,Barnes,cbarnes20@nytimes.com,Male,222.35.53.58
74,Mildred,Miller,mmiller21@printfriendly.com,Female,10.0.213.178
75,Wayne,Williamson,wwilliamson22@instagram.com,Male,227.249.151.37
76,Brian,Long,blong23@webs.com,Male,137.193.30.163
77,Lori,Gutierrez,lgutierrez24@i2i.jp,Female,83.115.239.5
78,Harold,Gordon,hgordon25@yelp.com,Male,92.133.110.30
79,Margaret,White,mwhite26@delicious.com,Female,178.200.97.231
80,Ruth,Owens,rowens27@ibm.com,Female,144.85.51.170
81,Laura,Nguyen,lnguyen28@scribd.com,Female,26.32.252.187
82,Amanda,Mccoy,amccoy29@jalbum.net,Female,139.107.55.225
83,Dennis,Snyder,dsnyder2a@scribd.com,Male,154.152.84.235
84,Earl,Bishop,ebishop2b@google.de,Male,108.55.191.249
85,Raymond,Turner,rturner2c@google.co.uk,Male,92.84.203.53
86,Ronald,Mason,rmason2d@sourceforge.net,Male,248.196.244.71
87,Kenneth,Fowler,kfowler2e@furl.net,Male,155.146.116.103
88,Elizabeth,Oliver,eoliver2f@mediafire.com,Female,91.232.100.118
89,Craig,Hamilton,chamilton2g@hp.com,Male,107.95.89.177
90,Arthur,Hicks,ahicks2h@diigo.com,Male,230.128.201.249
91,Billy,Hanson,bhanson2i@chicagotribune.com,Male,238.141.165.64
92,Richard,Johnson,rjohnson2j@msu.edu,Male,41.230.49.217
93,Edward,Diaz,ediaz2k@moonfruit.com,Male,135.115.28.140
94,Paula,Stephens,pstephens2l@free.fr,Female,233.232.118.219
95,Karen,Sullivan,ksullivan2m@mail.ru,Female,217.55.132.241
96,Jacqueline,Reynolds,jreynolds2n@nationalgeographic.com,Female,21.250.13.190
97,Christine,Simpson,csimpson2o@tinyurl.com,Female,125.219.84.153
98,Frank,Simmons,fsimmons2p@xinhuanet.com,Male,231.88.44.22
99,Victor,Murphy,vmurphy2q@amazon.co.uk,Male,148.90.77.122
100,Laura,Reynolds,lreynolds2r@sakura.ne.jp,Female,85.254.160.255
101,Judy,Nelson,jnelson2s@drupal.org,Female,62.113.53.238
102,Gerald,Sims,gsims2t@reddit.com,Male,106.126.188.221
103,Anthony,Hughes,ahughes2u@bloomberg.com,Male,16.208.87.107
104,Ernest,Little,elittle2v@sohu.com,Male,171.165.47.91
105,Eric,Willis,ewillis2w@privacy.gov.au,Male,199.16.178.177
106,Justin,Tucker,jtucker2x@quantcast.com,Male,249.20.172.168
107,Jesse,Foster,jfoster2y@theatlantic.com,Male,9.71.196.183
108,Patrick,Davis,pdavis2z@51.la,Male,30.203.107.102
109,Gloria,Bowman,gbowman30@behance.net,Female,16.195.16.134
110,Julia,Weaver,jweaver31@cloudflare.com,Female,5.171.24.121
111,Cheryl,Burns,cburns32@infoseek.co.jp,Female,209.113.166.90
112,Jose,Reed,jreed33@chicagotribune.com,Male,237.98.238.224
113,Betty,Marshall,bmarshall34@cafepress.com,Female,67.29.66.133
114,Christine,Ramos,cramos35@ibm.com,Female,110.195.141.192
115,Gloria,Oliver,goliver36@cloudflare.com,Female,12.110.235.170
116,Sean,Butler,sbutler37@arstechnica.com,Male,198.37.180.230
117,Jimmy,Kennedy,jkennedy38@intel.com,Male,122.227.95.230
118,Rebecca,Morrison,rmorrison39@youku.com,Female,26.23.30.46
119,Christopher,Oliver,coliver3a@vinaora.com,Male,59.11.2.2
120,Michelle,Kelly,mkelly3b@multiply.com,Female,132.65.118.4
121,Virginia,Hart,vhart3c@statcounter.com,Female,47.172.138.224
122,Elizabeth,Chapman,echapman3d@flavors.me,Female,11.33.19.93
123,Clarence,Reyes,creyes3e@dot.gov,Male,155.225.71.45
124,Irene,Castillo,icastillo3f@yellowbook.com,Female,140.207.144.172
125,Jane,Olson,jolson3g@cafepress.com,Female,89.24.151.232
126,Kimberly,Thompson,kthompson3h@globo.com,Female,174.158.62.181
127,Ann,Lopez,alopez3i@bigcartel.com,Female,96.136.54.58
128,Edward,Tucker,etucker3j@spotify.com,Male,91.132.44.96
129,Julie,Armstrong,jarmstrong3k@ovh.net,Female,212.128.144.145
130,Bonnie,Grant,bgrant3l@virginia.edu,Female,120.219.12.229
131,Diana,Bishop,dbishop3m@sina.com.cn,Female,202.202.150.70
132,Ashley,Montgomery,amontgomery3n@4shared.com,Female,9.85.98.108
133,Joe,Black,jblack3o@ocn.ne.jp,Male,133.83.111.26
134,Brenda,Crawford,bcrawford3p@parallels.com,Female,52.30.7.103
135,Ernest,Howard,ehoward3q@imageshack.us,Male,206.174.60.79
136,Melissa,Cunningham,mcunningham3r@redcross.org,Female,138.233.241.161
137,Maria,Robertson,mrobertson3s@tiny.cc,Female,131.97.153.119
138,Tina,Montgomery,tmontgomery3t@wisc.edu,Female,196.117.178.175
139,Janet,Palmer,jpalmer3u@topsy.com,Female,206.118.70.117
140,Ruth,Medina,rmedina3v@sfgate.com,Female,25.86.186.91
141,Amy,Burton,aburton3w@jugem.jp,Female,17.7.60.12
142,Diana,Montgomery,dmontgomery3x@businessinsider.com,Female,180.4.228.126
143,Kenneth,Holmes,kholmes3y@pen.io,Male,191.69.86.187
144,Russell,Warren,rwarren3z@tumblr.com,Male,89.161.78.92
145,Bobby,Henderson,bhenderson40@cbc.ca,Male,41.175.43.108
146,William,Rose,wrose41@addtoany.com,Male,36.218.51.175
147,Evelyn,Rodriguez,erodriguez42@amazonaws.com,Female,172.97.124.202
148,Rose,Perez,rperez43@shinystat.com,Female,247.51.174.36
149,Ruby,James,rjames44@youtu.be,Female,138.159.227.98
150,Andrew,Bailey,abailey45@springer.com,Male,92.217.224.84
151,Joseph,Hernandez,jhernandez46@unesco.org,Male,102.15.54.156
152,Ralph,Kim,rkim47@time.com,Male,97.53.28.118
153,Bonnie,Watson,bwatson48@eventbrite.com,Female,120.241.240.141
154,Howard,Day,hday49@bluehost.com,Male,226.129.213.140
155,Irene,Owens,iowens4a@deviantart.com,Female,62.130.184.104
156,Anne,Graham,agraham4b@earthlink.net,Female,176.167.105.203
157,Charles,Wells,cwells4c@wisc.edu,Male,162.30.9.98
158,Karen,Romero,kromero4d@symantec.com,Female,55.109.238.182
159,Shirley,Simmons,ssimmons4e@1688.com,Female,63.228.59.21
160,Daniel,Thomas,dthomas4f@deliciousdays.com,Male,176.85.98.104
161,Harry,Mills,hmills4g@ucoz.ru,Male,3.149.56.216
162,Melissa,Wood,mwood4h@gov.uk,Female,6.207.119.24
163,Clarence,Lewis,clewis4i@virginia.edu,Male,168.222.242.117
164,Patricia,Hunt,phunt4j@statcounter.com,Female,7.114.98.3
165,Ruth,West,rwest4k@google.com,Female,171.89.234.230
166,Denise,Stephens,dstephens4l@amazon.co.jp,Female,127.107.22.171
167,Martin,Perry,mperry4m@apple.com,Male,120.204.152.26
168,Scott,Green,sgreen4n@plala.or.jp,Male,148.143.187.93
169,Diane,Wood,dwood4o@de.vu,Female,37.57.131.128
170,Doris,Burns,dburns4p@indiatimes.com,Female,86.216.202.128
171,Tina,Daniels,tdaniels4q@plala.or.jp,Female,10.162.238.252
172,Kenneth,West,kwest4r@cloudflare.com,Male,66.70.251.139
173,Gerald,Rogers,grogers4s@xing.com,Male,53.124.194.124
174,Doris,Martin,dmartin4t@google.ru,Female,146.213.205.152
175,Karen,Simpson,ksimpson4u@sogou.com,Female,192.104.26.68
176,Alice,Pierce,apierce4v@sfgate.com,Female,240.186.20.194
177,Jennifer,Reed,jreed4w@biglobe.ne.jp,Female,2.219.38.9
178,Mary,Willis,mwillis4x@1und1.de,Female,14.106.180.141
179,Dennis,Mills,dmills4y@virginia.edu,Male,249.41.178.26
180,Harry,Crawford,hcrawford4z@livejournal.com,Male,178.52.93.40
181,Shawn,Myers,smyers50@salon.com,Male,250.69.131.109
182,Annie,Thomas,athomas51@mtv.com,Female,47.8.236.43
183,Jessica,Palmer,jpalmer52@noaa.gov,Female,160.214.22.9
184,Timothy,Cunningham,tcunningham53@storify.com,Male,14.105.250.47
185,Laura,Lynch,llynch54@is.gd,Female,215.86.123.143
186,Timothy,Knight,tknight55@blogtalkradio.com,Male,223.1.64.130
187,Maria,Hawkins,mhawkins56@oracle.com,Female,253.41.73.129
188,Ryan,Hudson,rhudson57@wikipedia.org,Male,52.242.219.202
189,Ernest,Dunn,edunn58@foxnews.com,Male,82.98.16.120
190,Teresa,Cunningham,tcunningham59@sciencedirect.com,Female,116.136.144.86
191,Harold,Lawson,hlawson5a@noaa.gov,Male,117.216.135.71
192,Thomas,Hanson,thanson5b@wufoo.com,Male,239.163.38.67
193,Kelly,Robertson,krobertson5c@unc.edu,Female,102.205.32.192
194,Emily,Cooper,ecooper5d@prlog.org,Female,171.132.228.60
195,Adam,Ortiz,aortiz5e@cdc.gov,Male,177.196.152.230
196,Marilyn,Hart,mhart5f@uiuc.edu,Female,162.181.75.35
197,Sharon,Day,sday5g@google.ca,Female,39.102.200.19
198,Katherine,Hansen,khansen5h@tiny.cc,Female,11.194.14.146
199,Earl,Fowler,efowler5i@dell.com,Male,201.10.48.208
200,Douglas,Burns,dburns5j@reddit.com,Male,144.177.35.211
201,Doris,Harris,dharris5k@php.net,Female,115.29.15.136
202,Helen,Pierce,hpierce5l@nymag.com,Female,27.177.246.145
203,Julie,Ellis,jellis5m@simplemachines.org,Female,35.115.114.131
204,Philip,Myers,pmyers5n@zimbio.com,Male,165.228.20.94
205,Ann,Chapman,achapman5o@moonfruit.com,Female,56.145.237.149
206,Irene,Jacobs,ijacobs5p@wufoo.com,Female,1.132.13.100
207,Jimmy,Powell,jpowell5q@desdev.cn,Male,114.77.245.198
208,Gary,Willis,gwillis5r@ed.gov,Male,156.56.200.71
209,Anthony,Hayes,ahayes5s@nydailynews.com,Male,131.70.27.28
210,Kenneth,Rodriguez,krodriguez5t@bloglines.com,Male,130.235.193.199
211,Martin,Bennett,mbennett5u@eventbrite.com,Male,39.62.43.87
212,Brian,Reyes,breyes5v@typepad.com,Male,245.219.252.92
213,Albert,Hayes,ahayes5w@walmart.com,Male,187.173.95.22
214,Emily,Arnold,earnold5x@gizmodo.com,Female,12.19.164.112
215,Kathy,Bennett,kbennett5y@dion.ne.jp,Female,53.113.0.239
216,Shirley,Ryan,sryan5z@webnode.com,Female,237.119.24.182
217,Stephanie,Marshall,smarshall60@ning.com,Female,245.185.71.194
218,Cynthia,Porter,cporter61@google.co.jp,Female,91.94.138.199
219,Scott,Lopez,slopez62@digg.com,Male,171.230.107.127
220,Andrea,Bailey,abailey63@bbc.co.uk,Female,208.128.198.56
221,Andrea,Welch,awelch64@qq.com,Female,53.50.181.248
222,Kathryn,Henderson,khenderson65@rediff.com,Female,177.167.51.190
223,Angela,Bishop,abishop66@ucsd.edu,Female,155.149.177.64
224,Margaret,Morales,mmorales67@smh.com.au,Female,154.200.165.32
225,Tina,Mccoy,tmccoy68@1und1.de,Female,13.140.17.183
226,Phillip,Brooks,pbrooks69@eepurl.com,Male,219.46.85.62
227,Joshua,Watkins,jwatkins6a@ovh.net,Male,155.88.96.133
228,Nicole,Murray,nmurray6b@reference.com,Female,126.217.62.43
229,Louis,White,lwhite6c@dot.gov,Male,140.74.246.217
230,Kathryn,Graham,kgraham6d@gov.uk,Female,39.150.63.79
231,Barbara,Lynch,blynch6e@yale.edu,Female,194.201.201.250
232,Thomas,Collins,tcollins6f@sogou.com,Male,115.165.146.98
233,Henry,Hughes,hhughes6g@xing.com,Male,102.243.239.80
234,Julie,Lawrence,jlawrence6h@mtv.com,Female,162.164.200.64
235,Kelly,Nichols,knichols6i@fema.gov,Female,65.54.157.93
236,Paul,Burton,pburton6j@bbb.org,Male,23.18.69.184
237,Eric,Gray,egray6k@jimdo.com,Male,45.80.225.234
238,Bonnie,Perkins,bperkins6l@oakley.com,Female,92.192.226.58
239,Jane,Duncan,jduncan6m@cbslocal.com,Female,178.146.145.38
240,Chris,Patterson,cpatterson6n@wikia.com,Male,197.126.60.171
241,Joyce,Cox,jcox6o@dedecms.com,Female,86.219.25.246
242,Patricia,Mendoza,pmendoza6p@whitehouse.gov,Female,206.144.15.37
243,Ann,Rivera,arivera6q@ftc.gov,Female,255.240.104.237
244,Roy,Rivera,rrivera6r@nydailynews.com,Male,84.166.215.155
245,Billy,Holmes,bholmes6s@oaic.gov.au,Male,154.108.142.193
246,Christine,Burke,cburke6t@prweb.com,Female,123.117.251.3
247,Marie,Stanley,mstanley6u@archive.org,Female,59.172.94.160
248,Joseph,Brooks,jbrooks6v@mapy.cz,Male,248.212.47.166
249,Alice,Bell,abell6w@msu.edu,Female,61.222.203.172
250,Kenneth,Morales,kmorales6x@mozilla.org,Male,94.46.37.102
251,Michelle,Washington,mwashington6y@ca.gov,Female,128.141.58.236
252,Craig,Ross,cross6z@baidu.com,Male,125.216.240.196
253,Lois,Morales,lmorales70@theatlantic.com,Female,69.239.196.91
254,Martin,Banks,mbanks71@blog.com,Male,153.15.185.204
255,Janet,Snyder,jsnyder72@prlog.org,Female,207.231.114.167
256,Cynthia,Simpson,csimpson73@elegantthemes.com,Female,107.209.180.25
257,Ernest,Ryan,eryan74@dyndns.org,Male,221.39.100.49
258,James,Bryant,jbryant75@loc.gov,Male,230.233.118.51
259,Donald,Williamson,dwilliamson76@jimdo.com,Male,136.66.93.191
260,Nicole,Coleman,ncoleman77@economist.com,Female,202.243.63.119
261,Raymond,Welch,rwelch78@hostgator.com,Male,14.246.121.142
262,Rose,Brown,rbrown79@sohu.com,Female,129.173.86.37
263,Diana,Ellis,dellis7a@slate.com,Female,39.156.234.125
264,Jason,Harrison,jharrison7b@php.net,Male,118.127.26.163
265,Denise,Fisher,dfisher7c@usda.gov,Female,151.81.96.223
266,Anne,Washington,awashington7d@google.de,Female,119.151.80.213
267,Catherine,Brooks,cbrooks7e@businessweek.com,Female,130.11.174.64
268,Mary,Sims,msims7f@unicef.org,Female,10.131.165.218
269,Walter,Thompson,wthompson7g@artisteer.com,Male,240.157.233.88
270,Adam,Jacobs,ajacobs7h@histats.com,Male,177.134.157.84
271,Nancy,Walker,nwalker7i@alibaba.com,Female,137.143.244.193
272,Michelle,Hall,mhall7j@si.edu,Female,228.133.139.177
273,Theresa,Stone,tstone7k@usa.gov,Female,205.195.179.195
274,Ruby,Stevens,rstevens7l@yahoo.com,Female,153.95.237.194
275,Michelle,Adams,madams7m@senate.gov,Female,202.122.60.162
276,Ann,Nichols,anichols7n@constantcontact.com,Female,168.4.79.219
277,Jeremy,Kelly,jkelly7o@washingtonpost.com,Male,7.122.79.80
278,Raymond,Rogers,rrogers7p@stumbleupon.com,Male,169.146.30.214
279,Juan,Jenkins,jjenkins7q@omniture.com,Male,4.199.127.252
280,Jessica,Morrison,jmorrison7r@vinaora.com,Female,241.169.212.69
281,Earl,Franklin,efranklin7s@techcrunch.com,Male,78.224.88.239
282,Marie,Smith,msmith7t@google.co.jp,Female,3.86.0.79
283,Ralph,Gutierrez,rgutierrez7u@google.it,Male,130.66.128.63
284,Earl,Woods,ewoods7v@qq.com,Male,194.181.198.178
285,Tammy,Bishop,tbishop7w@nbcnews.com,Female,191.136.121.160
286,Stephanie,Allen,sallen7x@surveymonkey.com,Female,35.20.46.125
287,Maria,Hall,mhall7y@simplemachines.org,Female,191.252.169.135
288,Arthur,Harrison,aharrison7z@feedburner.com,Male,187.67.244.68
289,Wayne,Taylor,wtaylor80@netvibes.com,Male,53.235.207.89
290,Howard,West,hwest81@usa.gov,Male,24.59.191.21
291,Kimberly,Dean,kdean82@prlog.org,Female,42.26.197.242
292,Harry,Frazier,hfrazier83@oakley.com,Male,238.133.99.49
293,Todd,Wallace,twallace84@kickstarter.com,Male,11.217.75.47
294,Debra,Collins,dcollins85@irs.gov,Female,48.143.77.61
295,Linda,Matthews,lmatthews86@msn.com,Female,231.45.176.128
296,Debra,Burton,dburton87@webs.com,Female,27.95.223.186
297,Howard,Johnston,hjohnston88@state.gov,Male,232.10.23.215
298,Eugene,Patterson,epatterson89@timesonline.co.uk,Male,25.216.119.250
299,Jesse,Bowman,jbowman8a@msu.edu,Male,233.95.7.149
300,Mildred,Jackson,mjackson8b@smugmug.com,Female,101.26.250.235
301,Scott,Ferguson,sferguson8c@fastcompany.com,Male,213.133.76.102
302,Johnny,Burton,jburton8d@bizjournals.com,Male,0.157.163.179
303,Peter,Frazier,pfrazier8e@sciencedirect.com,Male,106.95.79.132
304,Timothy,Morrison,tmorrison8f@sohu.com,Male,36.162.6.110
305,Sandra,Larson,slarson8g@ezinearticles.com,Female,9.167.55.175
306,Willie,Anderson,wanderson8h@cornell.edu,Male,176.10.156.72
307,Frances,Stevens,fstevens8i@ask.com,Female,30.236.227.255
308,Wanda,Pierce,wpierce8j@vinaora.com,Female,124.7.57.21
309,Irene,Coleman,icoleman8k@businessinsider.com,Female,121.224.44.81
310,Fred,Carter,fcarter8l@wordpress.org,Male,29.107.28.36
311,Robert,Thomas,rthomas8m@ucoz.ru,Male,101.184.179.54
312,Eugene,Hanson,ehanson8n@columbia.edu,Male,180.224.230.173
313,Stephanie,Ellis,sellis8o@nytimes.com,Female,253.8.194.125
314,Douglas,Price,dprice8p@si.edu,Male,254.75.214.23
315,Aaron,Fowler,afowler8q@si.edu,Male,206.38.76.168
316,David,Ferguson,dferguson8r@parallels.com,Male,254.224.109.85
317,Kathryn,Gibson,kgibson8s@scribd.com,Female,40.163.147.134
318,Joan,Ferguson,jferguson8t@ucla.edu,Female,218.177.17.194
319,Antonio,Arnold,aarnold8u@ox.ac.uk,Male,121.226.46.250
320,Joseph,Olson,jolson8v@europa.eu,Male,109.177.41.155
321,Denise,Frazier,dfrazier8w@drupal.org,Female,10.216.180.181
322,Martin,Bowman,mbowman8x@ycombinator.com,Male,55.254.157.12
323,Kathy,Gordon,kgordon8y@scribd.com,Female,186.25.113.73
324,Juan,Dixon,jdixon8z@about.me,Male,205.138.247.118
325,Diana,Burton,dburton90@npr.org,Female,107.148.68.168
326,Walter,Harper,wharper91@altervista.org,Male,15.27.72.52
327,Randy,Jordan,rjordan92@bluehost.com,Male,202.255.75.88
328,Jason,Fernandez,jfernandez93@elegantthemes.com,Male,142.71.233.0
329,Matthew,Willis,mwillis94@arstechnica.com,Male,205.106.5.239
330,Andrea,Freeman,afreeman95@deliciousdays.com,Female,162.185.201.98
331,Dennis,Stone,dstone96@google.cn,Male,46.227.243.30
332,Sharon,Torres,storres97@tumblr.com,Female,238.234.78.83
333,Craig,Harrison,charrison98@opensource.org,Male,92.61.60.34
334,Nicholas,Williams,nwilliams99@dell.com,Male,100.150.156.219
335,Doris,Larson,dlarson9a@narod.ru,Female,195.158.156.32
336,Kimberly,Lewis,klewis9b@shinystat.com,Female,200.177.45.69
337,Beverly,Myers,bmyers9c@washingtonpost.com,Female,123.209.170.107
338,Daniel,Freeman,dfreeman9d@archive.org,Male,8.172.150.223
339,Betty,Lee,blee9e@ovh.net,Female,78.244.46.244
340,Gloria,Elliott,gelliott9f@huffingtonpost.com,Female,184.226.254.115
341,Annie,Hawkins,ahawkins9g@state.tx.us,Female,21.131.189.126
342,Brenda,Burns,bburns9h@topsy.com,Female,32.156.25.35
343,Dennis,Owens,dowens9i@histats.com,Male,109.183.40.246
344,Lois,Hart,lhart9j@umich.edu,Female,58.28.248.208
345,Phyllis,Ward,pward9k@google.it,Female,102.38.152.9
346,Lillian,Berry,lberry9l@bbb.org,Female,137.250.26.126
347,Andrew,Ferguson,aferguson9m@youku.com,Male,26.45.255.251
348,Aaron,Henry,ahenry9n@epa.gov,Male,172.80.132.190
349,Dorothy,Lane,dlane9o@state.tx.us,Female,104.188.247.194
350,Rebecca,Palmer,rpalmer9p@ca.gov,Female,24.125.85.213
351,Sara,Kelley,skelley9q@freewebs.com,Female,251.189.116.23
352,Kathleen,Hansen,khansen9r@feedburner.com,Female,7.50.48.248
353,Carl,Campbell,ccampbell9s@mozilla.org,Male,27.6.46.22
354,Eric,Diaz,ediaz9t@pagesperso-orange.fr,Male,124.213.140.121
355,Todd,Harris,tharris9u@economist.com,Male,101.182.132.118
356,Joyce,Bowman,jbowman9v@hao123.com,Female,94.2.74.153
357,Diana,Stone,dstone9w@ihg.com,Female,175.220.204.94
358,Cynthia,Griffin,cgriffin9x@reference.com,Female,89.4.77.54
359,Jeffrey,White,jwhite9y@ucoz.com,Male,17.104.144.196
360,Katherine,Thomas,kthomas9z@cpanel.net,Female,47.167.132.238
361,Barbara,Martinez,bmartineza0@domainmarket.com,Female,103.28.188.18
362,Theresa,Mendoza,tmendozaa1@freewebs.com,Female,196.207.136.99
363,Ruby,Clark,rclarka2@huffingtonpost.com,Female,112.32.130.184
364,Terry,Duncan,tduncana3@cnet.com,Male,137.131.118.46
365,Ronald,Harvey,rharveya4@geocities.com,Male,98.86.150.51
366,Teresa,Bradley,tbradleya5@tmall.com,Female,93.83.68.14
367,Frances,Nichols,fnicholsa6@gmpg.org,Female,55.200.239.240
368,Donald,Hicks,dhicksa7@w3.org,Male,212.101.240.49
369,Harold,Collins,hcollinsa8@yellowpages.com,Male,152.7.188.162
370,Anthony,Ortiz,aortiza9@about.me,Male,188.245.158.192
371,Betty,Ray,brayaa@thetimes.co.uk,Female,229.228.111.164
372,Ann,Ford,afordab@yahoo.co.jp,Female,188.238.209.130
373,Karen,Snyder,ksnyderac@sogou.com,Female,97.104.146.227
374,Marie,Fox,mfoxad@thetimes.co.uk,Female,158.217.179.80
375,Lillian,Mccoy,lmccoyae@ihg.com,Female,116.141.30.30
376,Brenda,Gutierrez,bgutierrezaf@reuters.com,Female,172.44.31.70
377,Martin,Frazier,mfrazierag@nsw.gov.au,Male,72.114.20.206
378,Rachel,Gonzalez,rgonzalezah@oakley.com,Female,206.138.220.115
379,Donna,Snyder,dsnyderai@hao123.com,Female,44.65.58.194
380,Martha,Montgomery,mmontgomeryaj@redcross.org,Female,43.189.85.249
381,Phyllis,Grant,pgrantak@sitemeter.com,Female,33.24.225.51
382,Heather,Rodriguez,hrodriguezal@discovery.com,Female,62.204.182.98
383,Lori,Crawford,lcrawfordam@sciencedaily.com,Female,18.229.6.126
384,Jonathan,Fernandez,jfernandezan@goo.gl,Male,210.86.90.209
385,James,Montgomery,jmontgomeryao@nydailynews.com,Male,106.185.240.11
386,Matthew,Rivera,mriveraap@over-blog.com,Male,236.48.131.18
387,Jason,Woods,jwoodsaq@qq.com,Male,167.58.217.212
388,Judith,Gomez,jgomezar@google.nl,Female,230.89.168.170
389,Donna,Cooper,dcooperas@ft.com,Female,254.94.57.112
390,Sean,Brooks,sbrooksat@adobe.com,Male,132.187.34.115
391,Scott,Murphy,smurphyau@tamu.edu,Male,124.144.13.182
392,Heather,Pierce,hpierceav@foxnews.com,Female,136.58.21.157
393,Linda,Black,lblackaw@ucla.edu,Female,228.98.169.201
394,Carolyn,Burton,cburtonax@jigsy.com,Female,74.92.160.143
395,Brenda,Murphy,bmurphyay@ibm.com,Female,5.82.254.199
396,Ruth,Lewis,rlewisaz@paypal.com,Female,234.166.95.69
397,Julia,Fisher,jfisherb0@rakuten.co.jp,Female,124.146.72.131
398,Diana,Gutierrez,dgutierrezb1@ihg.com,Female,157.127.140.137
399,Peter,Mason,pmasonb2@google.ru,Male,10.10.156.122
400,Angela,Gibson,agibsonb3@nature.com,Female,103.67.74.106
401,Mark,Scott,mscottb4@mlb.com,Male,193.144.83.3
402,Melissa,Jones,mjonesb5@unblog.fr,Female,102.13.61.184
403,Douglas,Graham,dgrahamb6@who.int,Male,203.97.23.173
404,Jane,White,jwhiteb7@soundcloud.com,Female,29.14.137.56
405,Timothy,Johnston,tjohnstonb8@engadget.com,Male,185.190.106.110
406,Randy,Ruiz,rruizb9@istockphoto.com,Male,20.195.54.171
407,Chris,Kim,ckimba@hc360.com,Male,232.22.80.221
408,Jennifer,Price,jpricebb@wunderground.com,Female,225.198.216.11
409,Antonio,Watkins,awatkinsbc@360.cn,Male,224.19.86.7
410,Daniel,Spencer,dspencerbd@wikispaces.com,Male,140.211.33.167
411,Marie,Cole,mcolebe@forbes.com,Female,21.14.159.247
412,Sandra,Kim,skimbf@earthlink.net,Female,202.218.228.142
413,Pamela,Graham,pgrahambg@auda.org.au,Female,13.84.222.209
414,Fred,Kim,fkimbh@cbslocal.com,Male,203.157.125.45
415,Tammy,Sanders,tsandersbi@mit.edu,Female,238.74.51.218
416,Christina,Robertson,crobertsonbj@aboutads.info,Female,216.127.196.97
417,Deborah,Walker,dwalkerbk@reference.com,Female,71.129.167.153
418,Louis,Davis,ldavisbl@constantcontact.com,Male,57.35.244.144
419,Dennis,Morgan,dmorganbm@yellowpages.com,Male,36.254.63.60
420,Randy,Woods,rwoodsbn@unesco.org,Male,8.97.57.199
421,Douglas,Carr,dcarrbo@aboutads.info,Male,81.236.195.139
422,Gary,Hunt,ghuntbp@macromedia.com,Male,86.162.51.168
423,Eric,Johnson,ejohnsonbq@chicagotribune.com,Male,18.92.70.63
424,Joyce,Hunter,jhunterbr@cocolog-nifty.com,Female,58.184.6.182
425,Bonnie,Wood,bwoodbs@storify.com,Female,107.117.222.99
426,Katherine,Lee,kleebt@mail.ru,Female,134.29.103.209
427,Frances,Green,fgreenbu@nydailynews.com,Female,40.86.144.107
428,Sandra,Welch,swelchbv@java.com,Female,57.120.71.190
429,Katherine,Burns,kburnsbw@scribd.com,Female,111.157.45.184
430,Carol,Johnston,cjohnstonbx@cbslocal.com,Female,29.199.123.167
431,Christina,Fuller,cfullerby@bandcamp.com,Female,97.207.73.68
432,Donald,Elliott,delliottbz@bigcartel.com,Male,52.37.11.206
433,Victor,Chavez,vchavezc0@acquirethisname.com,Male,132.37.195.37
434,Kenneth,Phillips,kphillipsc1@merriam-webster.com,Male,255.222.83.39
435,Arthur,Kennedy,akennedyc2@sfgate.com,Male,72.67.128.39
436,Brian,Marshall,bmarshallc3@loc.gov,Male,29.253.155.113
437,Tammy,Dixon,tdixonc4@list-manage.com,Female,28.78.131.65
438,Christopher,Anderson,candersonc5@usgs.gov,Male,70.2.245.156
439,Catherine,Robinson,crobinsonc6@mediafire.com,Female,51.114.112.21
440,Lois,Jordan,ljordanc7@indiegogo.com,Female,225.186.102.20
441,Charles,Rodriguez,crodriguezc8@google.fr,Male,143.118.10.43
442,Harold,Richards,hrichardsc9@tinypic.com,Male,162.228.73.144
443,Dennis,Morgan,dmorganca@wordpress.com,Male,40.25.112.204
444,Todd,Fox,tfoxcb@nba.com,Male,64.156.99.247
445,Alan,Kelley,akelleycc@buzzfeed.com,Male,118.149.178.220
446,Nicole,Romero,nromerocd@salon.com,Female,237.172.237.36
447,Beverly,Sanchez,bsanchezce@prweb.com,Female,165.67.189.164
448,Bruce,Washington,bwashingtoncf@nature.com,Male,105.89.218.29
449,Tammy,Myers,tmyerscg@w3.org,Female,170.55.183.21
450,Joan,Foster,jfosterch@amazon.de,Female,4.86.88.173
451,Dorothy,Wood,dwoodci@nbcnews.com,Female,186.205.125.251
452,Jeffrey,Grant,jgrantcj@oakley.com,Male,14.38.136.90
453,Heather,Sanchez,hsanchezck@wikimedia.org,Female,133.219.97.221
454,Joseph,Ross,jrosscl@meetup.com,Male,121.23.223.231
455,Nancy,Long,nlongcm@usatoday.com,Female,139.138.159.38
456,Rachel,Rice,rricecn@nasa.gov,Female,124.219.88.117
457,Christine,Hayes,chayesco@g.co,Female,50.110.232.145
458,Harold,Reid,hreidcp@ameblo.jp,Male,82.137.94.17
459,Carolyn,Long,clongcq@edublogs.org,Female,160.139.18.39
460,Judith,Franklin,jfranklincr@craigslist.org,Female,44.249.118.73
461,Jason,Cruz,jcruzcs@uol.com.br,Male,155.221.37.165
462,Jeremy,Spencer,jspencerct@kickstarter.com,Male,181.97.194.74
463,Juan,Allen,jallencu@upenn.edu,Male,255.177.167.64
464,Sandra,Bowman,sbowmancv@unblog.fr,Female,214.146.66.198
465,Jessica,Bishop,jbishopcw@state.tx.us,Female,68.21.235.146
466,Lisa,Reid,lreidcx@about.me,Female,95.147.102.181
467,Mark,Wallace,mwallacecy@yandex.ru,Male,92.148.233.77
468,Paul,Chavez,pchavezcz@jalbum.net,Male,38.25.209.174
469,Carolyn,Daniels,cdanielsd0@people.com.cn,Female,167.120.159.193
470,Tina,Martinez,tmartinezd1@earthlink.net,Female,111.147.217.255
471,David,Mendoza,dmendozad2@canalblog.com,Male,79.63.11.134
472,Ruth,Freeman,rfreemand3@about.com,Female,231.178.51.172
473,Virginia,Lane,vlaned4@squarespace.com,Female,67.158.64.84
474,Catherine,Brown,cbrownd5@google.com.au,Female,196.223.159.175
475,Katherine,Moreno,kmorenod6@toplist.cz,Female,1.91.89.164
476,Sandra,Ruiz,sruizd7@com.com,Female,241.113.146.69
477,Edward,Spencer,espencerd8@hp.com,Male,19.60.3.68
478,Wayne,Roberts,wrobertsd9@blogger.com,Male,43.139.12.114
479,Stephanie,Armstrong,sarmstrongda@hatena.ne.jp,Female,243.72.219.216
480,Debra,Marshall,dmarshalldb@mashable.com,Female,157.26.120.253
481,Timothy,Watkins,twatkinsdc@cmu.edu,Male,152.123.223.24
482,Donna,Gonzales,dgonzalesdd@google.ca,Female,136.186.137.169
483,Peter,Medina,pmedinade@scribd.com,Male,212.105.5.145
484,Jack,Nguyen,jnguyendf@dell.com,Male,62.68.208.45
485,Dorothy,Berry,dberrydg@smugmug.com,Female,236.114.102.14
486,Annie,Gardner,agardnerdh@zdnet.com,Female,244.63.240.186
487,Kathryn,Anderson,kandersondi@sitemeter.com,Female,245.115.173.233
488,Johnny,Ellis,jellisdj@marriott.com,Male,62.188.167.240
489,Terry,Gonzalez,tgonzalezdk@cyberchimps.com,Male,134.40.43.54
490,Barbara,Young,byoungdl@npr.org,Female,80.200.100.53
491,Earl,Tucker,etuckerdm@t-online.de,Male,177.53.10.211
492,Fred,Jordan,fjordandn@zimbio.com,Male,192.203.114.13
493,Douglas,Brown,dbrowndo@bandcamp.com,Male,0.125.39.234
494,Harold,Cox,hcoxdp@weibo.com,Male,114.19.56.145
495,Kathryn,Collins,kcollinsdq@comsenz.com,Female,132.200.44.176
496,Rebecca,Freeman,rfreemandr@liveinternet.ru,Female,144.94.32.238
497,Gerald,Ward,gwardds@craigslist.org,Male,86.9.152.100
498,Melissa,Robertson,mrobertsondt@comsenz.com,Female,245.127.9.146
499,Brenda,Phillips,bphillipsdu@delicious.com,Female,45.211.153.151
500,Frank,Mills,fmillsdv@who.int,Male,193.72.137.215
501,Pamela,Gutierrez,pgutierrezdw@twitter.com,Female,13.142.153.129
502,Tina,Morris,tmorrisdx@reuters.com,Female,123.240.92.33
503,Jerry,Little,jlittledy@slideshare.net,Male,254.15.169.143
504,Antonio,Jenkins,ajenkinsdz@thetimes.co.uk,Male,220.68.103.97
505,Mary,Rodriguez,mrodrigueze0@cpanel.net,Female,244.73.189.253
506,Philip,Green,pgreene1@eepurl.com,Male,216.68.173.250
507,Andrea,Franklin,afrankline2@wikimedia.org,Female,82.225.153.160
508,Deborah,Rivera,driverae3@bizjournals.com,Female,181.246.255.58
509,Norma,Kelly,nkellye4@360.cn,Female,237.101.9.129
510,Mark,Alexander,malexandere5@wufoo.com,Male,118.240.9.209
511,Anna,Dean,adeane6@sciencedirect.com,Female,141.177.6.214
512,Jimmy,Hamilton,jhamiltone7@nifty.com,Male,45.167.216.133
513,Melissa,Boyd,mboyde8@biblegateway.com,Female,133.83.195.115
514,Joe,Hamilton,jhamiltone9@pen.io,Male,85.42.254.28
515,Adam,Morrison,amorrisonea@biglobe.ne.jp,Male,73.19.78.95
516,Nicholas,Rice,nriceeb@sourceforge.net,Male,116.39.80.185
517,Ann,George,ageorgeec@delicious.com,Female,206.230.133.4
518,Deborah,Kim,dkimed@state.tx.us,Female,196.250.169.170
519,Louise,Austin,laustinee@webs.com,Female,82.61.54.21
520,Martin,Gibson,mgibsonef@accuweather.com,Male,100.159.70.181
521,Sean,Murray,smurrayeg@bigcartel.com,Male,105.214.244.37
522,Fred,Gray,fgrayeh@amazon.de,Male,152.168.242.129
523,Marilyn,Nelson,mnelsonei@comcast.net,Female,39.209.59.233
524,Mark,King,mkingej@posterous.com,Male,133.110.10.237
525,Anthony,Morgan,amorganek@angelfire.com,Male,127.20.242.106
526,Jessica,Shaw,jshawel@pagesperso-orange.fr,Female,83.6.226.253
527,Marilyn,Johnston,mjohnstonem@whitehouse.gov,Female,229.2.213.62
528,Linda,Lee,lleeen@sogou.com,Female,242.60.211.200
529,James,Butler,jbutlereo@springer.com,Male,62.1.24.190
530,Laura,Powell,lpowellep@slideshare.net,Female,22.98.211.223
531,Ronald,Medina,rmedinaeq@freewebs.com,Male,120.10.180.209
532,Katherine,Lewis,klewiser@ft.com,Female,194.161.6.102
533,Scott,Thompson,sthompsones@ca.gov,Male,48.109.6.142
534,Denise,Carpenter,dcarpenteret@whitehouse.gov,Female,222.227.59.176
535,Shawn,James,sjameseu@tamu.edu,Male,12.124.143.55
536,Jimmy,Rogers,jrogersev@livejournal.com,Male,113.139.169.157
537,Ashley,Harrison,aharrisonew@wikipedia.org,Female,179.46.57.35
538,Eric,Chapman,echapmanex@geocities.com,Male,247.61.212.99
539,Louise,Carter,lcarterey@newyorker.com,Female,205.186.129.158
540,Frank,Powell,fpowellez@paypal.com,Male,245.123.136.224
541,Jacqueline,Turner,jturnerf0@youtube.com,Female,211.35.228.244
542,Norma,Perez,nperezf1@disqus.com,Female,3.231.18.194
543,Juan,Austin,jaustinf2@dot.gov,Male,71.27.47.183
544,Roger,Woods,rwoodsf3@yahoo.com,Male,207.216.45.190
545,Howard,Perkins,hperkinsf4@people.com.cn,Male,205.89.220.76
546,Jack,Ward,jwardf5@whitehouse.gov,Male,64.235.166.111
547,Stephen,Bailey,sbaileyf6@github.io,Male,67.216.29.209
548,Jeremy,Henry,jhenryf7@eepurl.com,Male,44.26.238.181
549,Larry,Porter,lporterf8@dailymail.co.uk,Male,53.51.154.159
550,Joan,Matthews,jmatthewsf9@ebay.co.uk,Female,226.100.149.36
551,Dorothy,Cox,dcoxfa@github.io,Female,16.51.235.130
552,Karen,Bowman,kbowmanfb@aol.com,Female,116.127.56.248
553,Jeffrey,Lynch,jlynchfc@furl.net,Male,37.71.88.9
554,Anthony,Martin,amartinfd@yelp.com,Male,148.105.251.196
555,Angela,Vasquez,avasquezfe@geocities.jp,Female,164.15.107.253
556,Maria,Henderson,mhendersonff@taobao.com,Female,240.133.23.88
557,Alan,Mendoza,amendozafg@sciencedirect.com,Male,51.161.234.24
558,Christopher,Freeman,cfreemanfh@yolasite.com,Male,29.70.246.12
559,Rose,Arnold,rarnoldfi@nasa.gov,Female,141.3.145.116
560,Laura,Fields,lfieldsfj@newsvine.com,Female,104.202.21.33
561,Christine,Webb,cwebbfk@oaic.gov.au,Female,249.251.152.212
562,Wayne,Franklin,wfranklinfl@virginia.edu,Male,241.179.221.131
563,Martin,Miller,mmillerfm@technorati.com,Male,42.186.35.156
564,Amy,Nguyen,anguyenfn@senate.gov,Female,237.110.50.218
565,Angela,Moreno,amorenofo@hp.com,Female,68.16.60.15
566,Mildred,Richardson,mrichardsonfp@amazon.co.jp,Female,222.8.189.2
567,Willie,Rogers,wrogersfq@comcast.net,Male,13.120.54.196
568,Martha,Murphy,mmurphyfr@cornell.edu,Female,223.123.101.227
569,Melissa,Fisher,mfisherfs@ucoz.ru,Female,193.5.20.18
570,Eric,Gordon,egordonft@hostgator.com,Male,249.43.18.226
571,Sarah,Willis,swillisfu@ucoz.ru,Female,88.7.221.231
572,Christopher,Rogers,crogersfv@indiatimes.com,Male,12.227.145.65
573,Rebecca,Marshall,rmarshallfw@geocities.com,Female,109.248.64.235
574,Joe,James,jjamesfx@yandex.ru,Male,140.213.6.149
575,Paul,James,pjamesfy@craigslist.org,Male,124.35.83.242
576,Gregory,Johnson,gjohnsonfz@examiner.com,Male,22.230.58.247
577,Nancy,Stone,nstoneg0@dailymotion.com,Female,254.217.148.152
578,Angela,Evans,aevansg1@webs.com,Female,33.53.63.241
579,Jennifer,Turner,jturnerg2@bing.com,Female,152.98.244.155
580,Jeffrey,West,jwestg3@economist.com,Male,79.220.56.15
581,Jack,Martinez,jmartinezg4@imgur.com,Male,157.111.127.39
582,Robin,Myers,rmyersg5@marriott.com,Female,196.224.58.173
583,Barbara,Wilson,bwilsong6@ed.gov,Female,166.254.134.247
584,Cynthia,Olson,colsong7@apache.org,Female,65.237.56.38
585,Heather,Bowman,hbowmang8@youtu.be,Female,107.147.127.168
586,Willie,Little,wlittleg9@opensource.org,Male,81.82.167.11
587,Justin,Medina,jmedinaga@abc.net.au,Male,252.52.105.179
588,Martha,Parker,mparkergb@goodreads.com,Female,8.34.103.28
589,Joe,Alvarez,jalvarezgc@infoseek.co.jp,Male,180.98.97.114
590,Terry,Hawkins,thawkinsgd@arizona.edu,Male,249.139.51.220
591,Gary,Chapman,gchapmange@sitemeter.com,Male,132.244.191.52
592,Howard,Taylor,htaylorgf@senate.gov,Male,118.78.17.187
593,Louis,Medina,lmedinagg@bloomberg.com,Male,1.7.222.181
594,Aaron,Day,adaygh@weather.com,Male,210.82.55.139
595,Anthony,Thompson,athompsongi@telegraph.co.uk,Male,30.206.108.252
596,Eric,Kelley,ekelleygj@google.co.jp,Male,112.124.226.222
597,Sandra,Gilbert,sgilbertgk@arizona.edu,Female,98.199.29.61
598,Harry,Webb,hwebbgl@cargocollective.com,Male,70.150.117.135
599,Bruce,Medina,bmedinagm@livejournal.com,Male,120.88.248.114
600,Susan,Watson,swatsongn@squarespace.com,Female,222.22.63.44
601,Phyllis,Griffin,pgriffingo@ustream.tv,Female,20.182.136.102
602,Craig,Mitchell,cmitchellgp@sciencedirect.com,Male,251.76.70.74
603,Ann,Daniels,adanielsgq@whitehouse.gov,Female,124.148.48.102
604,Justin,Bennett,jbennettgr@twitter.com,Male,184.92.108.177
605,Matthew,Price,mpricegs@hexun.com,Male,208.225.66.109
606,Joan,Martinez,jmartinezgt@aol.com,Female,109.185.45.40
607,Joe,Marshall,jmarshallgu@bloglovin.com,Male,62.215.165.57
608,Barbara,Gray,bgraygv@cisco.com,Female,101.227.155.254
609,Gregory,Kennedy,gkennedygw@simplemachines.org,Male,37.138.196.54
610,Robert,Coleman,rcolemangx@timesonline.co.uk,Male,196.181.216.148
611,Peter,Anderson,pandersongy@instagram.com,Male,125.78.68.7
612,Roger,Cox,rcoxgz@apache.org,Male,179.133.162.80
613,Terry,Johnson,tjohnsonh0@meetup.com,Male,37.227.147.93
614,Amanda,Patterson,apattersonh1@domainmarket.com,Female,135.218.188.253
615,Keith,Berry,kberryh2@addtoany.com,Male,36.143.95.139
616,Rachel,Allen,rallenh3@amazon.co.jp,Female,128.220.202.92
617,Charles,Knight,cknighth4@purevolume.com,Male,10.149.36.134
618,Keith,Carpenter,kcarpenterh5@yolasite.com,Male,104.177.201.158
619,Daniel,Johnson,djohnsonh6@blogs.com,Male,44.204.195.248
620,Jack,Rice,jriceh7@fotki.com,Male,74.122.163.135
621,Keith,James,kjamesh8@slate.com,Male,59.2.243.230
622,Jeremy,Kelley,jkelleyh9@arstechnica.com,Male,6.46.38.141
623,Joshua,Gordon,jgordonha@gnu.org,Male,216.7.123.72
624,Fred,Sanders,fsandershb@rambler.ru,Male,108.48.39.40
625,Kevin,Bailey,kbaileyhc@myspace.com,Male,118.146.178.151
626,Douglas,Warren,dwarrenhd@hexun.com,Male,122.140.242.111
627,Nicole,Cox,ncoxhe@prweb.com,Female,155.120.255.171
628,Martin,Simpson,msimpsonhf@msu.edu,Male,137.220.249.154
629,Timothy,Grant,tgranthg@odnoklassniki.ru,Male,27.94.32.57
630,Janice,Hamilton,jhamiltonhh@facebook.com,Female,200.141.210.96
631,Tina,Henry,thenryhi@vkontakte.ru,Female,62.59.10.129
632,Jeffrey,Jacobs,jjacobshj@deviantart.com,Male,169.98.23.147
633,Victor,Owens,vowenshk@jugem.jp,Male,114.80.123.29
634,Michael,Gibson,mgibsonhl@miibeian.gov.cn,Male,14.195.136.52
635,Roy,Graham,rgrahamhm@networksolutions.com,Male,167.243.195.197
636,Diane,Castillo,dcastillohn@mac.com,Female,23.4.181.158
637,Ernest,Freeman,efreemanho@wsj.com,Male,52.144.127.250
638,Tina,Carter,tcarterhp@netlog.com,Female,223.154.217.122
639,Peter,Kennedy,pkennedyhq@geocities.jp,Male,240.179.41.236
640,Donna,Lee,dleehr@indiegogo.com,Female,95.34.29.89
641,Emily,Henry,ehenryhs@phpbb.com,Female,39.246.206.247
642,Antonio,Thompson,athompsonht@businesswire.com,Male,157.180.152.217
643,Michelle,Nichols,mnicholshu@mapquest.com,Female,15.247.72.31
644,Peter,Smith,psmithhv@163.com,Male,232.148.59.120
645,Tina,Butler,tbutlerhw@ning.com,Female,36.51.181.126
646,Eugene,Lane,elanehx@mapquest.com,Male,126.240.244.222
647,Patricia,Reed,preedhy@omniture.com,Female,180.23.117.148
648,Benjamin,Day,bdayhz@squidoo.com,Male,229.99.51.115
649,Albert,White,awhitei0@facebook.com,Male,125.253.245.173
650,Willie,White,wwhitei1@google.it,Male,131.113.216.29
651,Thomas,Wright,twrighti2@squarespace.com,Male,207.206.130.150
652,Marilyn,Day,mdayi3@delicious.com,Female,98.188.12.252
653,Terry,Cooper,tcooperi4@mlb.com,Male,217.36.71.35
654,Shawn,Johnston,sjohnstoni5@nih.gov,Male,25.88.25.89
655,Pamela,Jones,pjonesi6@baidu.com,Female,107.239.44.233
656,Jack,Ross,jrossi7@prnewswire.com,Male,89.198.14.61
657,Ryan,Turner,rturneri8@feedburner.com,Male,241.64.179.219
658,John,Jacobs,jjacobsi9@free.fr,Male,53.228.76.153
659,Joseph,Campbell,jcampbellia@rambler.ru,Male,110.166.98.252
660,David,Shaw,dshawib@independent.co.uk,Male,70.6.201.50
661,Martin,Howell,mhowellic@cmu.edu,Male,197.183.186.155
662,Bonnie,Chapman,bchapmanid@ebay.com,Female,173.220.110.183
663,Diana,Wheeler,dwheelerie@amazonaws.com,Female,141.202.8.42
664,Lori,Jordan,ljordanif@lulu.com,Female,241.230.93.192
665,Ruby,Watkins,rwatkinsig@youku.com,Female,109.107.174.232
666,Melissa,Martinez,mmartinezih@sogou.com,Female,251.130.24.167
667,Joe,Gonzalez,jgonzalezii@dagondesign.com,Male,181.232.121.246
668,Lori,Wells,lwellsij@baidu.com,Female,65.167.8.128
669,Ralph,Patterson,rpattersonik@smh.com.au,Male,78.179.181.48
670,Jennifer,Ferguson,jfergusonil@rediff.com,Female,97.165.19.255
671,Joyce,Gardner,jgardnerim@mlb.com,Female,106.51.190.254
672,Jesse,Diaz,jdiazin@mapy.cz,Male,249.174.99.30
673,Maria,Bailey,mbaileyio@tripod.com,Female,179.40.42.168
674,Victor,Wheeler,vwheelerip@home.pl,Male,176.229.73.85
675,Brian,Montgomery,bmontgomeryiq@purevolume.com,Male,61.223.219.236
676,Adam,Cole,acoleir@chron.com,Male,110.172.255.226
677,Jeffrey,Murray,jmurrayis@boston.com,Male,44.32.39.66
678,Jessica,Bell,jbellit@uiuc.edu,Female,98.46.133.114
679,Betty,Gibson,bgibsoniu@fotki.com,Female,19.14.184.91
680,Peter,Jenkins,pjenkinsiv@google.it,Male,5.182.6.254
681,Sharon,Medina,smedinaiw@flickr.com,Female,122.225.125.61
682,Phyllis,Greene,pgreeneix@dyndns.org,Female,27.107.173.245
683,Doris,Evans,devansiy@tiny.cc,Female,7.180.13.83
684,Mildred,Austin,maustiniz@wordpress.com,Female,165.50.241.203
685,Carol,Mason,cmasonj0@nature.com,Female,66.100.42.234
686,Barbara,Webb,bwebbj1@cbc.ca,Female,99.19.217.251
687,Frances,Wells,fwellsj2@symantec.com,Female,210.152.38.76
688,Patricia,Watson,pwatsonj3@eventbrite.com,Female,41.202.123.43
689,Charles,Murray,cmurrayj4@jalbum.net,Male,20.175.64.124
690,Judy,Chavez,jchavezj5@google.com.br,Female,239.153.108.52
691,John,Mason,jmasonj6@cnn.com,Male,30.208.245.210
692,Katherine,Bryant,kbryantj7@meetup.com,Female,3.111.92.175
693,Jerry,Schmidt,jschmidtj8@kickstarter.com,Male,124.89.242.129
694,Brian,Grant,bgrantj9@newsvine.com,Male,47.235.230.159
695,Theresa,Weaver,tweaverja@businessinsider.com,Female,55.244.96.224
696,Carol,West,cwestjb@soup.io,Female,111.228.243.248
697,Sandra,Carr,scarrjc@bbb.org,Female,77.255.41.87
698,Sharon,Walker,swalkerjd@ucla.edu,Female,112.72.210.81
699,Lori,Lawrence,llawrenceje@telegraph.co.uk,Female,163.202.180.162
700,Alan,Rodriguez,arodriguezjf@e-recht24.de,Male,130.176.250.197
701,Willie,Phillips,wphillipsjg@bloglovin.com,Male,64.90.204.25
702,Cynthia,Harris,charrisjh@boston.com,Female,123.159.124.226
703,Janet,Stanley,jstanleyji@engadget.com,Female,55.29.177.175
704,Clarence,Dunn,cdunnjj@mozilla.com,Male,217.102.57.98
705,Willie,Morrison,wmorrisonjk@imageshack.us,Male,210.10.104.27
706,Phillip,Dunn,pdunnjl@dropbox.com,Male,162.206.137.47
707,George,Morrison,gmorrisonjm@1und1.de,Male,22.95.178.71
708,Ernest,Robinson,erobinsonjn@ifeng.com,Male,178.203.48.76
709,Antonio,Williams,awilliamsjo@psu.edu,Male,226.209.181.218
710,Jose,Bennett,jbennettjp@feedburner.com,Male,184.129.242.5
711,Beverly,Duncan,bduncanjq@angelfire.com,Female,12.78.191.147
712,Roy,Garcia,rgarciajr@home.pl,Male,253.164.206.21
713,Sharon,Jacobs,sjacobsjs@shareasale.com,Female,186.58.200.229
714,Kevin,Greene,kgreenejt@usnews.com,Male,152.40.62.27
715,John,Arnold,jarnoldju@zimbio.com,Male,75.68.168.236
716,Ruby,Garrett,rgarrettjv@ifeng.com,Female,79.88.131.46
717,Christine,Kennedy,ckennedyjw@bizjournals.com,Female,147.186.79.178
718,Albert,Mendoza,amendozajx@cargocollective.com,Male,98.167.253.128
719,Aaron,Hicks,ahicksjy@is.gd,Male,224.71.63.103
720,Martha,Stevens,mstevensjz@cornell.edu,Female,157.163.190.51
721,Jose,Gomez,jgomezk0@i2i.jp,Male,7.5.78.74
722,Fred,Williamson,fwilliamsonk1@ezinearticles.com,Male,17.138.248.82
723,Wanda,Hawkins,whawkinsk2@wp.com,Female,12.61.0.80
724,Charles,Reyes,creyesk3@yelp.com,Male,96.109.73.176
725,Joyce,Armstrong,jarmstrongk4@smh.com.au,Female,78.108.210.79
726,Daniel,Perkins,dperkinsk5@1und1.de,Male,161.226.143.201
727,Gregory,Smith,gsmithk6@phoca.cz,Male,91.236.88.55
728,Thomas,Davis,tdavisk7@artisteer.com,Male,124.41.96.63
729,Lawrence,Daniels,ldanielsk8@utexas.edu,Male,58.181.2.151
730,Helen,Spencer,hspencerk9@tmall.com,Female,50.247.170.241
731,Rebecca,West,rwestka@ebay.co.uk,Female,145.3.108.14
732,Michelle,Hart,mhartkb@who.int,Female,202.142.136.204
733,Katherine,Wagner,kwagnerkc@guardian.co.uk,Female,242.87.10.127
734,Rebecca,Boyd,rboydkd@deviantart.com,Female,209.16.54.255
735,Eric,Cunningham,ecunninghamke@eventbrite.com,Male,122.134.97.72
736,Jonathan,Simmons,jsimmonskf@shinystat.com,Male,179.117.211.100
737,Angela,Welch,awelchkg@1688.com,Female,110.82.191.139
738,Maria,Webb,mwebbkh@privacy.gov.au,Female,112.60.157.162
739,William,Richardson,wrichardsonki@go.com,Male,160.120.221.16
740,Elizabeth,Boyd,eboydkj@yandex.ru,Female,81.121.93.113
741,Brian,Ramirez,bramirezkk@yellowpages.com,Male,105.250.214.166
742,Thomas,Hansen,thansenkl@timesonline.co.uk,Male,4.209.55.46
743,Craig,Austin,caustinkm@howstuffworks.com,Male,235.88.57.194
744,Kathy,Henry,khenrykn@marriott.com,Female,121.132.85.250
745,Jonathan,Adams,jadamsko@meetup.com,Male,47.222.229.26
746,Donald,Bowman,dbowmankp@dmoz.org,Male,7.212.89.207
747,Irene,Bell,ibellkq@phpbb.com,Female,49.246.143.206
748,Nicole,Harvey,nharveykr@wiley.com,Female,30.10.30.241
749,Harold,Bailey,hbaileyks@newsvine.com,Male,200.252.124.186
750,Debra,Riley,drileykt@photobucket.com,Female,120.126.123.24
751,Annie,Robertson,arobertsonku@patch.com,Female,15.199.166.119
752,Wayne,Smith,wsmithkv@sakura.ne.jp,Male,83.1.70.154
753,Andrea,Riley,arileykw@github.com,Female,16.45.209.120
754,Evelyn,Perkins,eperkinskx@seesaa.net,Female,105.51.116.179
755,Christopher,Sanchez,csanchezky@gizmodo.com,Male,43.221.241.107
756,Victor,Barnes,vbarneskz@imdb.com,Male,119.217.43.143
757,Kelly,Campbell,kcampbelll0@mayoclinic.com,Female,155.1.127.206
758,Harry,Wilson,hwilsonl1@nps.gov,Male,137.79.215.112
759,Elizabeth,Frazier,efrazierl2@state.tx.us,Female,148.51.30.41
760,Kathryn,Nichols,knicholsl3@indiatimes.com,Female,234.99.217.177
761,Laura,Chapman,lchapmanl4@deviantart.com,Female,197.255.27.208
762,Albert,Welch,awelchl5@zimbio.com,Male,177.60.40.205
763,Jennifer,Dunn,jdunnl6@wikimedia.org,Female,151.137.15.246
764,Gregory,Carpenter,gcarpenterl7@businesswire.com,Male,50.245.18.233
765,Jennifer,Howell,jhowelll8@sohu.com,Female,215.65.239.41
766,Joan,Butler,jbutlerl9@reuters.com,Female,115.164.192.47
767,Dennis,Gordon,dgordonla@storify.com,Male,96.254.43.192
768,Nicole,Harvey,nharveylb@tinypic.com,Female,109.3.136.81
769,Harry,Thomas,hthomaslc@arizona.edu,Male,26.125.184.123
770,Phillip,Meyer,pmeyerld@gizmodo.com,Male,176.31.91.43
771,Ryan,Morgan,rmorganle@weather.com,Male,50.110.194.193
772,Raymond,Gutierrez,rgutierrezlf@sphinn.com,Male,154.196.147.214
773,Alice,Hayes,ahayeslg@1688.com,Female,46.247.108.94
774,Martha,Boyd,mboydlh@princeton.edu,Female,249.1.73.169
775,Shawn,Morgan,smorganli@w3.org,Male,13.72.179.36
776,Ashley,Adams,aadamslj@oakley.com,Female,238.76.152.194
777,Eric,Meyer,emeyerlk@nydailynews.com,Male,64.161.232.0
778,Aaron,Payne,apaynell@forbes.com,Male,119.184.42.106
779,Anthony,Ellis,aellislm@list-manage.com,Male,154.164.239.233
780,Patricia,Green,pgreenln@istockphoto.com,Female,116.211.210.108
781,Diana,Gardner,dgardnerlo@zimbio.com,Female,135.12.89.32
782,Adam,Hill,ahilllp@w3.org,Male,230.67.147.78
783,Brandon,Butler,bbutlerlq@merriam-webster.com,Male,28.25.227.27
784,Anthony,Murphy,amurphylr@miibeian.gov.cn,Male,20.50.243.158
785,Martha,Garza,mgarzals@odnoklassniki.ru,Female,218.210.126.114
786,Adam,Hughes,ahugheslt@princeton.edu,Male,185.171.17.111
787,Anne,Nichols,anicholslu@histats.com,Female,226.197.220.212
788,Rebecca,Ford,rfordlv@jimdo.com,Female,248.213.215.206
789,Judy,Freeman,jfreemanlw@ucoz.ru,Female,159.95.169.250
790,Chris,Mccoy,cmccoylx@theatlantic.com,Male,209.142.122.101
791,Carlos,Mitchell,cmitchellly@cbc.ca,Male,50.80.215.72
792,Barbara,Boyd,bboydlz@earthlink.net,Female,23.113.108.230
793,Norma,Payne,npaynem0@forbes.com,Female,87.147.131.174
794,Brandon,Grant,bgrantm1@imageshack.us,Male,108.67.77.2
795,Ryan,Howell,rhowellm2@symantec.com,Male,60.132.192.147
796,Kathryn,Gonzalez,kgonzalezm3@princeton.edu,Female,50.224.95.195
797,Norma,Vasquez,nvasquezm4@scribd.com,Female,250.69.55.80
798,Helen,Harris,hharrism5@bluehost.com,Female,7.139.44.91
799,Kelly,Griffin,kgriffinm6@cbslocal.com,Female,177.75.140.238
800,Carol,Kelley,ckelleym7@webmd.com,Female,184.218.115.83
801,Clarence,Ellis,cellism8@abc.net.au,Male,87.57.56.211
802,Paula,Carr,pcarrm9@pen.io,Female,107.63.134.163
803,Wanda,Flores,wfloresma@ihg.com,Female,211.53.149.92
804,Louise,Cole,lcolemb@sciencedaily.com,Female,149.195.154.111
805,Joe,Larson,jlarsonmc@biblegateway.com,Male,190.13.43.161
806,Earl,Elliott,eelliottmd@artisteer.com,Male,2.73.43.3
807,Sandra,Dixon,sdixonme@jiathis.com,Female,180.248.136.38
808,Fred,Freeman,ffreemanmf@guardian.co.uk,Male,122.128.41.53
809,Maria,Howard,mhowardmg@cloudflare.com,Female,16.70.69.21
810,William,Jenkins,wjenkinsmh@dyndns.org,Male,220.246.60.144
811,Pamela,Jones,pjonesmi@columbia.edu,Female,69.111.146.144
812,Louise,Carr,lcarrmj@pagesperso-orange.fr,Female,241.251.171.97
813,Tina,Gardner,tgardnermk@latimes.com,Female,254.125.206.52
814,Fred,Porter,fporterml@reference.com,Male,51.33.67.155
815,Ruth,Matthews,rmatthewsmm@alexa.com,Female,39.185.41.157
816,Jesse,Simpson,jsimpsonmn@globo.com,Male,100.227.53.223
817,Lisa,Fernandez,lfernandezmo@canalblog.com,Female,114.151.155.60
818,Nicole,Little,nlittlemp@livejournal.com,Female,119.243.233.218
819,Bobby,Stewart,bstewartmq@bing.com,Male,200.230.229.83
820,Jeffrey,Jones,jjonesmr@printfriendly.com,Male,7.165.114.199
821,Andrea,Austin,aaustinms@liveinternet.ru,Female,20.159.1.146
822,Debra,Simpson,dsimpsonmt@rediff.com,Female,139.136.20.231
823,Doris,Gray,dgraymu@opensource.org,Female,198.175.131.234
824,Diana,Pierce,dpiercemv@cpanel.net,Female,253.140.132.243
825,Samuel,Coleman,scolemanmw@issuu.com,Male,89.150.96.127
826,Christine,Banks,cbanksmx@oakley.com,Female,175.193.100.128
827,Albert,West,awestmy@msn.com,Male,12.206.54.31
828,Bobby,Gardner,bgardnermz@aboutads.info,Male,82.251.112.250
829,Sara,Vasquez,svasquezn0@reference.com,Female,218.204.38.117
830,Terry,Scott,tscottn1@dyndns.org,Male,112.80.194.233
831,Ryan,Lawson,rlawsonn2@nba.com,Male,196.23.215.156
832,Nicholas,Weaver,nweavern3@house.gov,Male,117.112.121.37
833,Marilyn,Cruz,mcruzn4@plala.or.jp,Female,54.24.6.240
834,Jacqueline,Medina,jmedinan5@imdb.com,Female,212.247.39.117
835,Susan,Daniels,sdanielsn6@bloomberg.com,Female,1.107.195.48
836,Joyce,Young,jyoungn7@canalblog.com,Female,180.101.33.219
837,Diana,Jordan,djordann8@blogtalkradio.com,Female,217.153.144.26
838,Jason,Banks,jbanksn9@lycos.com,Male,41.38.190.194
839,Jerry,Mitchell,jmitchellna@bluehost.com,Male,190.129.125.24
840,Steven,Medina,smedinanb@instagram.com,Male,203.186.213.115
841,William,Walker,wwalkernc@ning.com,Male,176.210.43.133
842,Nicole,Fernandez,nfernandeznd@msu.edu,Female,189.31.125.41
843,Angela,Allen,aallenne@biglobe.ne.jp,Female,29.164.203.92
844,Teresa,Gomez,tgomeznf@stanford.edu,Female,160.99.151.7
845,Adam,Harper,aharperng@vinaora.com,Male,149.38.200.122
846,Charles,Martinez,cmartineznh@wikispaces.com,Male,142.242.252.201
847,Elizabeth,Jenkins,ejenkinsni@delicious.com,Female,66.129.192.102
848,Ruby,Gonzales,rgonzalesnj@europa.eu,Female,224.98.106.52
849,Ruby,Stephens,rstephensnk@sina.com.cn,Female,6.85.237.156
850,Kimberly,Simmons,ksimmonsnl@earthlink.net,Female,95.35.119.247
851,Fred,Reid,freidnm@sun.com,Male,82.129.67.9
852,Phyllis,Carpenter,pcarpenternn@histats.com,Female,179.125.92.17
853,Walter,Powell,wpowellno@yahoo.co.jp,Male,73.43.36.38
854,Kimberly,Romero,kromeronp@guardian.co.uk,Female,134.179.227.72
855,Laura,Matthews,lmatthewsnq@businessweek.com,Female,28.222.80.13
856,Eugene,Ryan,eryannr@jiathis.com,Male,148.240.248.106
857,Pamela,Stevens,pstevensns@furl.net,Female,197.12.69.61
858,Maria,Palmer,mpalmernt@google.co.jp,Female,223.20.129.242
859,Lori,Rodriguez,lrodrigueznu@cocolog-nifty.com,Female,62.93.88.225
860,Michael,Rivera,mriveranv@timesonline.co.uk,Male,96.101.205.220
861,Steve,Taylor,staylornw@hp.com,Male,175.242.39.75
862,Larry,Ruiz,lruiznx@icq.com,Male,244.56.157.75
863,Nicholas,Robinson,nrobinsonny@woothemes.com,Male,242.106.188.104
864,Amanda,Kennedy,akennedynz@bbb.org,Female,212.155.195.223
865,Peter,Mitchell,pmitchello0@google.com.hk,Male,61.222.110.139
866,Stephanie,Bryant,sbryanto1@google.co.uk,Female,152.223.200.226
867,Harold,Jones,hjoneso2@xinhuanet.com,Male,230.139.223.43
868,Patricia,Smith,psmitho3@psu.edu,Female,133.58.25.116
869,Phyllis,Matthews,pmatthewso4@sbwire.com,Female,112.213.200.195
870,Jessica,Williams,jwilliamso5@washingtonpost.com,Female,170.159.47.238
871,Sharon,Harvey,sharveyo6@examiner.com,Female,116.89.10.12
872,Rebecca,Bell,rbello7@foxnews.com,Female,122.249.34.169
873,Kathy,Martin,kmartino8@prweb.com,Female,227.54.177.22
874,Frank,Dunn,fdunno9@domainmarket.com,Male,178.221.93.71
875,Cheryl,Brown,cbrownoa@about.com,Female,77.196.222.114
876,Gerald,Walker,gwalkerob@printfriendly.com,Male,166.212.217.29
877,Deborah,Washington,dwashingtonoc@people.com.cn,Female,31.63.225.93
878,Barbara,Peterson,bpetersonod@livejournal.com,Female,58.101.72.72
879,Steve,Stevens,sstevensoe@paypal.com,Male,73.75.142.131
880,Stephen,Knight,sknightof@surveymonkey.com,Male,118.255.188.32
881,Keith,Moreno,kmorenoog@epa.gov,Male,29.9.215.32
882,William,Watson,wwatsonoh@yahoo.co.jp,Male,198.153.220.162
883,Michael,Snyder,msnyderoi@twitter.com,Male,247.206.118.171
884,Carol,Nelson,cnelsonoj@berkeley.edu,Female,62.89.124.245
885,Christine,Ryan,cryanok@chron.com,Female,139.16.228.70
886,Paula,Watkins,pwatkinsol@nature.com,Female,231.80.191.45
887,Edward,Jackson,ejacksonom@ed.gov,Male,162.109.45.109
888,Jeremy,Gardner,jgardneron@goodreads.com,Male,42.62.153.147
889,Martin,Jackson,mjacksonoo@homestead.com,Male,58.144.74.161
890,Steven,Hunt,shuntop@state.gov,Male,250.27.106.109
891,Jeremy,White,jwhiteoq@rediff.com,Male,130.5.2.43
892,Ernest,Daniels,edanielsor@istockphoto.com,Male,31.134.221.224
893,Paul,Fields,pfieldsos@facebook.com,Male,74.148.241.44
894,Janice,Simpson,jsimpsonot@blogs.com,Female,158.113.202.229
895,Benjamin,Hanson,bhansonou@a8.net,Male,86.191.242.99
896,Samuel,Watkins,swatkinsov@blogger.com,Male,25.83.197.119
897,Eric,Greene,egreeneow@indiegogo.com,Male,132.190.48.34
898,Evelyn,Perry,eperryox@sciencedaily.com,Female,244.227.155.213
899,Judy,Rodriguez,jrodriguezoy@vistaprint.com,Female,201.237.106.62
900,Robert,Harris,rharrisoz@howstuffworks.com,Male,48.5.131.193
901,Christopher,Watkins,cwatkinsp0@liveinternet.ru,Male,254.8.246.246
902,Ronald,Perry,rperryp1@illinois.edu,Male,54.71.18.122
903,Jerry,Welch,jwelchp2@dell.com,Male,195.6.86.125
904,Debra,Lawrence,dlawrencep3@typepad.com,Female,185.170.243.163
905,Amanda,Davis,adavisp4@networksolutions.com,Female,89.246.125.159
906,Eric,Kim,ekimp5@theglobeandmail.com,Male,7.58.223.111
907,Beverly,Hernandez,bhernandezp6@fastcompany.com,Female,208.179.1.145
908,Mildred,Gibson,mgibsonp7@nationalgeographic.com,Female,234.96.61.171
909,Cynthia,Sims,csimsp8@nytimes.com,Female,1.109.30.207
910,Earl,Cook,ecookp9@e-recht24.de,Male,33.27.235.217
911,Carol,Perkins,cperkinspa@utexas.edu,Female,75.226.45.134
912,Keith,Hunter,khunterpb@alexa.com,Male,150.164.199.142
913,Marilyn,Hughes,mhughespc@goodreads.com,Female,118.171.178.69
914,John,Fernandez,jfernandezpd@ucsd.edu,Male,244.236.122.170
915,Deborah,Griffin,dgriffinpe@skyrock.com,Female,177.63.193.250
916,Terry,Wallace,twallacepf@flickr.com,Male,116.58.199.175
917,Philip,Ford,pfordpg@webnode.com,Male,77.140.239.193
918,Jean,Lawrence,jlawrenceph@forbes.com,Female,195.120.180.254
919,Billy,Martin,bmartinpi@epa.gov,Male,47.239.47.20
920,Amy,Webb,awebbpj@dmoz.org,Female,126.108.151.93
921,Kevin,Young,kyoungpk@cyberchimps.com,Male,87.5.3.129
922,George,Stevens,gstevenspl@livejournal.com,Male,135.40.197.120
923,Eugene,Vasquez,evasquezpm@geocities.com,Male,48.87.141.185
924,William,Black,wblackpn@mac.com,Male,76.47.127.228
925,Carlos,Willis,cwillispo@booking.com,Male,101.187.35.149
926,Steven,Robinson,srobinsonpp@xing.com,Male,211.92.35.245
927,Tammy,Burke,tburkepq@youtube.com,Female,239.152.87.13
928,Margaret,Stewart,mstewartpr@unicef.org,Female,228.23.85.33
929,Amy,Lewis,alewisps@blogger.com,Female,203.120.181.192
930,Annie,Knight,aknightpt@dyndns.org,Female,194.214.194.117
931,Billy,Henderson,bhendersonpu@bandcamp.com,Male,35.139.130.147
932,Eugene,Harper,eharperpv@home.pl,Male,7.35.59.79
933,Alan,Simmons,asimmonspw@google.com.hk,Male,4.238.94.245
934,Dennis,Schmidt,dschmidtpx@symantec.com,Male,106.99.200.250
935,Kathryn,Hunt,khuntpy@jugem.jp,Female,211.0.8.88
936,Mark,Lopez,mlopezpz@archive.org,Male,102.76.115.19
937,Michelle,Palmer,mpalmerq0@rakuten.co.jp,Female,35.139.67.135
938,Sandra,Wheeler,swheelerq1@imgur.com,Female,41.119.163.106
939,Craig,Graham,cgrahamq2@umich.edu,Male,4.40.165.235
940,Russell,Myers,rmyersq3@latimes.com,Male,85.10.43.74
941,Kimberly,Dean,kdeanq4@fda.gov,Female,250.34.89.239
942,Emily,Mason,emasonq5@creativecommons.org,Female,137.90.161.8
943,Todd,Matthews,tmatthewsq6@comcast.net,Male,61.247.5.162
944,Louise,Thompson,lthompsonq7@webs.com,Female,111.204.158.142
945,Michelle,Garcia,mgarciaq8@pbs.org,Female,116.157.126.67
946,Bruce,Mitchell,bmitchellq9@arizona.edu,Male,203.139.32.66
947,Michelle,Cox,mcoxqa@flavors.me,Female,219.153.232.55
948,Aaron,Crawford,acrawfordqb@digg.com,Male,189.81.23.236
949,Joe,Price,jpriceqc@irs.gov,Male,255.218.154.19
950,Gerald,Hunter,ghunterqd@sun.com,Male,221.145.29.247
951,Rose,Ortiz,rortizqe@51.la,Female,195.215.80.162
952,Donald,Robertson,drobertsonqf@storify.com,Male,132.66.153.188
953,Kenneth,Harrison,kharrisonqg@prlog.org,Male,194.2.162.169
954,Jessica,Johnson,jjohnsonqh@ustream.tv,Female,0.247.111.225
955,Larry,Schmidt,lschmidtqi@baidu.com,Male,135.144.119.250
956,Susan,Reynolds,sreynoldsqj@nifty.com,Female,18.11.120.77
957,Nicholas,Ray,nrayqk@epa.gov,Male,94.38.199.121
958,Nicholas,Gonzalez,ngonzalezql@bloglovin.com,Male,145.41.226.2
959,Victor,Snyder,vsnyderqm@foxnews.com,Male,136.141.39.204
960,Jeffrey,Anderson,jandersonqn@sciencedirect.com,Male,70.188.118.137
961,Craig,Schmidt,cschmidtqo@scientificamerican.com,Male,75.215.7.74
962,Margaret,Hunt,mhuntqp@nbcnews.com,Female,78.214.114.129
963,Howard,Day,hdayqq@topsy.com,Male,128.218.155.205
964,Henry,Miller,hmillerqr@oracle.com,Male,84.161.104.78
965,Harry,Hanson,hhansonqs@ucoz.ru,Male,230.138.249.219
966,Thomas,Ramos,tramosqt@163.com,Male,152.147.105.4
967,Jeremy,Larson,jlarsonqu@booking.com,Male,55.51.133.155
968,Shirley,Greene,sgreeneqv@wired.com,Female,186.84.212.245
969,Gerald,Howard,ghowardqw@people.com.cn,Male,87.219.222.95
970,Dorothy,Green,dgreenqx@kickstarter.com,Female,39.50.136.130
971,Douglas,Little,dlittleqy@live.com,Male,160.43.117.111
972,Jonathan,Fisher,jfisherqz@ifeng.com,Male,180.13.248.124
973,Nancy,Edwards,nedwardsr0@uiuc.edu,Female,71.196.207.127
974,Willie,West,wwestr1@wordpress.org,Male,168.77.66.79
975,Christine,Ellis,cellisr2@google.co.uk,Female,159.143.88.76
976,Peter,Rogers,progersr3@buzzfeed.com,Male,139.5.155.97
977,Michael,Gomez,mgomezr4@creativecommons.org,Male,242.41.192.145
978,Pamela,Hernandez,phernandezr5@ftc.gov,Female,197.117.216.54
979,Gerald,Mills,gmillsr6@123-reg.co.uk,Male,53.135.54.63
980,Frances,Mason,fmasonr7@fotki.com,Female,53.200.84.208
981,Samuel,Roberts,srobertsr8@netscape.com,Male,130.201.88.140
982,Raymond,Jenkins,rjenkinsr9@pinterest.com,Male,103.135.96.166
983,Jean,Austin,jaustinra@ameblo.jp,Female,156.139.224.99
984,Jonathan,Hicks,jhicksrb@dagondesign.com,Male,173.249.213.166
985,Gerald,Rose,groserc@java.com,Male,10.161.6.200
986,Patrick,Larson,plarsonrd@weather.com,Male,156.54.210.41
987,Gregory,Gilbert,ggilbertre@pbs.org,Male,165.14.85.230
988,Louise,Carroll,lcarrollrf@123-reg.co.uk,Female,109.186.247.111
989,Ryan,Lawrence,rlawrencerg@eepurl.com,Male,164.81.131.217
990,William,Sanchez,wsanchezrh@diigo.com,Male,144.207.68.22
991,Fred,Dixon,fdixonri@joomla.org,Male,178.53.197.166
992,Stephanie,Davis,sdavisrj@cdc.gov,Female,229.110.67.171
993,Terry,Murphy,tmurphyrk@dailymotion.com,Male,42.123.122.246
994,Gloria,Duncan,gduncanrl@weather.com,Female,204.88.160.168
995,Cheryl,Henry,chenryrm@wordpress.org,Female,68.182.208.143
996,Norma,Pierce,npiercern@state.tx.us,Female,49.185.88.180
997,Jeremy,Sullivan,jsullivanro@apple.com,Male,59.144.179.170
998,Jesse,Hamilton,jhamiltonrp@plala.or.jp,Male,121.64.240.118
999,Lori,Arnold,larnoldrq@latimes.com,Female,68.64.17.50
1000,Angela,Fuller,afullerrr@instagram.com,Female,171.221.95.127
